Words,Emotion
abhorr,Angry
abhorr,Angry
abhorrence,Angry
abhorrent,Angry
abomin,Angry
abomin,Angry
abominably,Angry
abominate,Angry
abomination,Angry
admir,Happy
admir,Surprise
admirable,Happy
admirably,Happy
admiration,Happy
admiration,Surprise
admire,Happy
ador,Happy
adorably,Happy
adoration,Happy
adoring,Happy
affect,Happy
affection,Happy
affectional,Happy
affectionate,Happy
affectionateness,Happy
affective,Happy
affright,Fear
afraid,Fear
aggrav,Angry
aggravate,Angry
aggravated,Angry
aggravation,Angry
aggress,Angry
aggression,Angry
aggressive,Angry
aggressiveness,Angry
aggriev,Sad
aggrieve,Sad
alarm,Fear
alarmed,Fear
alert,Fear
amat,Happy
amative,Happy
amatori,Happy
amatory,Happy
amaz,Surprise
amaze,Surprise
amazed,Surprise
amazement,Surprise
amazing,Surprise
amazingly,Surprise
amic,Happy
amicability,Happy
amicable,Happy
amicableness,Happy
amicably,Happy
amok,Angry
amor,Happy
amorous,Happy
amorousness,Happy
amuck,Angry
anger,Angry
angered,Angry
angri,Angry
angrili,Angry
angrily,Angry
angry,Angry
animos,Angry
animosity,Angry
animus,Angry
annoy,Angry
annoyance,Angry
annoyed,Angry
annoying,Angry
antagon,Angry
antagonism,Angry
anticip,Happy
anticipate,Happy
anticipation,Happy
anxious,Fear
anxiously,Fear
appal,Fear
appall,Fear
appreci,Happy
appreciated,Happy
apprehens,Fear
apprehension,Fear
apprehensive,Fear
apprehensively,Fear
apprehensiveness,Fear
approb,Happy
approbative,Happy
approbatori,Happy
approbatory,Happy
approv,Happy
approval,Happy
approve,Happy
approved,Happy
approving,Happy
ardor,Happy
ardour,Happy
astoni,Surprise
astonied,Surprise
astonish,Surprise
astonished,Surprise
astonishing,Surprise
astonishingly,Surprise
astonishment,Surprise
astound,Surprise
astounded,Surprise
astounding,Surprise
atroci,Fear
atrocious,Fear
attach,Happy
attachment,Happy
attrit,Sad
attrition,Sad
avarici,Angry
avaricious,Angry
avid,Happy
avidity,Happy
avidness,Happy
aw,Fear
aw,Surprise
awe,Surprise
awed,Surprise
awestricken,Surprise
awestruck,Surprise
awful,Fear
awful,Surprise
awfully,Fear
bad,Sad
bad_blood,Angry
bad_temp,Angry
bad_temper,Angry
baffl,Angry
baffl,Surprise
baffle,Surprise
baffled,Angry
balk,Angry
balked,Angry
bang,Happy
banter,Happy
barrack,Happy
bash,Fear
bashfully,Fear
be_on_cloud_nin,Happy
be_on_cloud_nine,Happy
beam,Happy
beaming,Happy
beat,Surprise
becharm,Happy
bedevil,Angry
begrudg,Angry
begrudge,Angry
begrudging,Angry
beguil,Happy
beguile,Happy
beguiled,Happy
belliger,Angry
belligerence,Angry
belligerency,Angry
belligerent,Angry
belligerently,Angry
belong,Happy
belonging,Happy
benef,Happy
benefic,Happy
beneficed,Happy
beneficence,Happy
beneficent,Happy
benefici,Happy
beneficially,Happy
benevol,Happy
benevolence,Happy
benevolent,Happy
benevolently,Happy
bereav,Sad
bereaved,Sad
bereft,Sad
besot,Surprise
bewild,Surprise
bewilder,Surprise
bewitch,Happy
bewitching,Happy
bitter,Angry
bitterness,Angry
blith,Happy
blithely,Happy
blitheness,Happy
blue,Sad
blue_devil,Sad
blue_devils,Sad
bode,Fear
boding,Fear
bonheur,Happy
bore,Sad
bored,Sad
bother,Angry
bothersom,Angry
bothersome,Angry
brokenhearted,Sad
brokenheartedness,Sad
brood,Angry
brother,Happy
brotherhood,Happy
brotherlik,Happy
brotherlike,Happy
brotherly,Happy
browbeaten,Fear
bulli,Fear
bullied,Fear
buoyanc,Happy
buoyancy,Happy
calf_lov,Happy
calf_love,Happy
captiv,Happy
captivate,Happy
captivated,Happy
captivating,Happy
captivation,Happy
captur,Happy
capture,Happy
care,Happy
carefre,Happy
carefree,Happy
carefreeness,Happy
caring,Happy
cast_down,Sad
catch,Happy
chafe,Angry
chaff,Happy
charg,Happy
charge,Happy
charit,Happy
charitable,Happy
charm,Happy
charmed,Happy
cheer,Happy
cheer_up,Happy
cheerful,Happy
cheerfully,Happy
cheerfulness,Happy
cheeri,Happy
cheering,Happy
cheerless,Sad
cheerlessly,Sad
cheerlessness,Sad
cheery,Happy
chill,Fear
chilling,Fear
chirk_up,Happy
choler,Angry
choleric,Angry
churn_up,Angry
class_feel,Angry
class_feeling,Angry
cliff-hang,Fear
cliff-hang,Happy
cliff-hanging,Fear
cliff-hanging,Happy
close,Happy
closeness,Happy
coldhearted,Fear
coldheartedness,Fear
comfort,Happy
comfortable,Happy
comfortableness,Happy
comfortably,Happy
comforting,Happy
commend,Happy
commendable,Happy
compat,Happy
compatibility,Happy
compatible,Happy
compatibly,Happy
complac,Happy
complacence,Happy
complacency,Happy
complacent,Happy
compunct,Sad
compunction,Sad
concern,Happy
congratul,Happy
congratulate,Happy
consol,Happy
console,Happy
constern,Fear
consternation,Fear
contemn,Angry
content,Happy
contented,Happy
contentment,Happy
contrit,Sad
contrite,Sad
contritely,Sad
contriteness,Sad
contrition,Sad
covet,Angry
covetous,Angry
covetously,Angry
covetousness,Angry
cow,Fear
cowed,Fear
cower,Fear
crawl,Fear
creep,Fear
creeps,Fear
cring,Fear
cringe,Fear
crucifi,Angry
crucify,Angry
cruel,Fear
cruelli,Fear
cruelly,Fear
cruelti,Fear
cruelty,Fear
crush,Happy
dander,Angry
dark,Sad
dash,Fear
daunt,Fear
daze,Surprise
dazed,Surprise
deject,Sad
delight,Happy
delighted,Happy
demor,Sad
demoralis,Sad
demoralising,Sad
demoralization,Sad
demoralize,Sad
demoralized,Sad
demoralizing,Sad
deplor,Sad
deplorable,Sad
deplorably,Sad
depress,Sad
depressed,Sad
depressing,Sad
depression,Sad
depressive,Sad
desol,Sad
desolate,Sad
desolation,Sad
despair,Sad
despairingly,Sad
despis,Angry
despisal,Angry
despise,Angry
despising,Angry
despit,Angry
despiteful,Angry
despond,Sad
despondence,Sad
despondency,Sad
despondent,Sad
despondently,Sad
detest,Angry
detest,Angry
detestable,Angry
detestably,Angry
detestation,Angry
devil,Angry
devot,Happy
devoted,Happy
devotedness,Happy
devotion,Happy
diffid,Fear
diffidence,Fear
diffident,Fear
diffidently,Fear
dingi,Sad
dingy,Sad
dire,Fear
direful,Fear
disconsol,Sad
disconsolate,Sad
disconsolateness,Sad
discourag,Angry
discourag,Sad
discouraged,Angry
discouraged,Sad
disdain,Angry
disgust,Angry
disgusted,Angry
disgustedly,Angry
disgustful,Angry
disgusting,Angry
disgustingly,Angry
dishearten,Sad
disheartened,Sad
disheartening,Sad
dismal,Sad
dismay,Fear
dismay,Sad
dispirit,Sad
dispirited,Sad
dispiritedness,Sad
dispiriting,Sad
displeas,Angry
displease,Angry
displeased,Angry
displeasing,Angry
displeasingly,Angry
displeasur,Angry
displeasure,Angry
distast,Angry
distasteful,Angry
distastefully,Angry
distress,Sad
distressed,Sad
dole,Sad
doleful,Sad
dolefully,Sad
dolefulness,Sad
dolor,Sad
dolorous,Sad
dolour,Sad
dolourous,Sad
down,Sad
downcast,Sad
downheart,Sad
downhearted,Sad
downheartedness,Sad
downtrodden,Sad
drab,Sad
dread,Fear
dreaded,Fear
dreadful,Fear
dreadfully,Fear
drear,Sad
dreari,Sad
dreary,Sad
dudgeon,Angry
dumbfound,Surprise
dumbfounded,Surprise
dumfound,Surprise
dumfounded,Surprise
dun,Angry
dysphor,Sad
dysphoria,Sad
dysphoric,Sad
eager,Happy
eagerly,Happy
eagerness,Happy
ebulli,Happy
ebullient,Happy
ebulliently,Happy
elan,Happy
elat,Happy
elate,Happy
elated,Happy
elating,Happy
elation,Happy
embolden,Happy
emot,Happy
emotive,Happy
empath,Happy
empathet,Happy
empathetic,Happy
empathetically,Happy
empathi,Happy
empathic,Happy
empathy,Happy
enamor,Happy
enamored,Happy
enamoredness,Happy
enamour,Happy
enchant,Happy
enchanting,Happy
enchantment,Happy
endear,Happy
endearingly,Happy
enfuri,Angry
enfuriate,Angry
enjoy,Happy
enmiti,Angry
enmity,Angry
enrag,Angry
enraged,Angry
enragement,Angry
enthral,Happy
enthralled,Happy
enthralling,Happy
enthrallment,Happy
enthusiasm,Happy
enthusiast,Happy
enthusiastic,Happy
enthusiastically,Happy
entranc,Happy
entrance,Happy
entranced,Happy
entrancing,Happy
envi,Angry
enviabl,Angry
enviable,Angry
enviably,Angry
envious,Angry
enviously,Angry
enviousness,Angry
envy,Angry
esteem,Happy
euphor,Happy
euphori,Happy
euphoria,Happy
euphoriant,Happy
euphoric,Happy
evil,Angry
exacerb,Angry
exacerbate,Angry
exalt,Happy
exasper,Angry
exasperate,Angry
exasperating,Angry
exasperation,Angry
excit,Happy
excitement,Happy
exciting,Happy
execr,Angry
execr,Sad
execrable,Sad
execrate,Angry
execration,Angry
exhilar,Happy
exhilarate,Happy
exhilarated,Happy
exhilarating,Happy
exhilaration,Happy
exhort,Happy
expans,Happy
expansively,Happy
expect,Happy
expectancy,Happy
exuber,Happy
exuberance,Happy
exuberant,Happy
exuberantly,Happy
exult,Happy
exultant,Happy
exultantly,Happy
exultation,Happy
exulting,Happy
exultingly,Happy
fanci,Happy
fancy,Happy
fantast,Surprise
fantastic,Surprise
fascin,Happy
fascinate,Happy
fascinating,Happy
fascination,Happy
favor,Happy
favorable,Happy
favorably,Happy
favour,Happy
favourable,Happy
favourably,Happy
fawn,Fear
fear,Fear
fearful,Fear
fearfully,Fear
fearfulness,Fear
fearsom,Fear
fearsome,Fear
fed_up,Angry
feeling_of_ident,Happy
feeling_of_identity,Happy
fellow_feel,Happy
fellow_feeling,Happy
festal,Happy
festiv,Happy
festive,Happy
fit,Angry
flabbergast,Surprise
flabbergasted,Surprise
flummox,Surprise
flush,Happy
fond,Happy
fond_regard,Happy
fondly,Happy
fondness,Happy
forebod,Fear
foreboding,Fear
forlorn,Sad
forlornly,Sad
forlornness,Sad
foul,Angry
fratern,Happy
fraternal,Happy
friend,Happy
friendli,Happy
friendliness,Happy
friendly,Happy
fright,Fear
frighten,Fear
frighten_away,Fear
frighten_off,Fear
frightened,Fear
frightening,Fear
frighteningly,Fear
frightful,Fear
frustrat,Angry
frustrate,Angry
frustrated,Angry
frustrating,Angry
frustration,Angry
fulfil,Happy
fulfill,Happy
fulfillment,Happy
fulfilment,Happy
furi,Angry
furious,Angry
furiously,Angry
fury,Angry
gaieti,Happy
gaiety,Happy
gala,Happy
gall,Angry
galling,Angry
gay,Happy
gayli,Happy
gayly,Happy
get,Surprise
get_at,Angry
get_down,Sad
get_to,Angry
giving_protect,Happy
giving_protection,Happy
glad,Happy
gladden,Happy
gladdened,Happy
gladfulness,Happy
gladness,Happy
gladsom,Happy
gladsome,Happy
gladsomeness,Happy
glee,Happy
gleeful,Happy
gleefulli,Happy
gleefully,Happy
gleefulness,Happy
gloat,Happy
gloating,Happy
gloatingly,Happy
gloom,Sad
gloomful,Sad
gloomi,Sad
gloomili,Sad
gloomily,Sad
gloominess,Sad
glooming,Sad
gloomy,Sad
glum,Sad
godforsaken,Sad
good,Happy
good_wil,Happy
good_will,Happy
goodwil,Happy
goodwill,Happy
grabbi,Angry
grabby,Angry
grasp,Angry
grasping,Angry
gratifi,Happy
gratify,Happy
gratifying,Happy
gratifyingly,Happy
gravel,Angry
gravel,Surprise
great,Happy
greedi,Angry
greedy,Angry
green-ey,Angry
green-eyed,Angry
green-eyed_monst,Angry
green-eyed_monster,Angry
grief,Sad
grief-stricken,Sad
griev,Sad
grievanc,Angry
grievance,Angry
grieve,Sad
grieving,Sad
grievous,Sad
grievously,Sad
grim,Sad
grizzl,Angry
grizzle,Angry
grovel,Fear
grudg,Angry
grudge,Angry
grudging,Angry
guilt,Sad
guilt_feel,Sad
guilt_feelings,Sad
guilt_trip,Sad
guilti,Sad
guilty,Sad
guilty_consci,Sad
guilty_conscience,Sad
gusto,Happy
hackl,Angry
hackles,Angry
hangdog,Fear
hangdog,Sad
hapless,Sad
happi,Happy
happili,Happy
happily,Happy
happiness,Happy
happy,Happy
harass,Angry
harass,Sad
harassed,Angry
harassment,Angry
hardheart,Fear
hardhearted,Fear
hardheartedness,Fear
harri,Angry
harried,Angry
hate,Angry
hateful,Angry
hatefully,Angry
hatr,Angry
hatred,Angry
heart,Happy
heartach,Sad
heartache,Sad
heartbreak,Sad
heartbreaking,Sad
heartburn,Angry
heartburning,Angry
hearten,Happy
heartless,Fear
heartlessly,Fear
heartlessness,Fear
heartrend,Sad
heartrending,Sad
heartsick,Sad
heartsickness,Sad
heavyheart,Sad
heavyhearted,Sad
heavyheartedness,Sad
helpless,Sad
helplessness,Sad
hero_worship,Happy
hesit,Fear
hesitance,Fear
hesitancy,Fear
hesitantly,Fear
hesitatingly,Fear
hideous,Angry
hideous,Fear
hideously,Fear
high_dudgeon,Angry
high_spirit,Happy
high_spirits,Happy
high-spirit,Happy
high-spirited,Happy
hilar,Happy
hilari,Happy
hilarious,Happy
hilariously,Happy
hilarity,Happy
horrend,Fear
horrendous,Fear
horribl,Fear
horrible,Fear
horribly,Fear
horrid,Fear
horridly,Fear
horrif,Fear
horrifi,Fear
horrific,Fear
horrified,Fear
horrify,Fear
horrifying,Fear
horrifyingly,Fear
horror,Angry
horror,Fear
horror-stricken,Fear
horror-struck,Fear
hostil,Angry
hostile,Angry
hostilely,Angry
hostility,Angry
howl,Surprise
howling,Surprise
huffi,Angry
huffili,Angry
huffily,Angry
huffiness,Angry
huffish,Angry
huffishness,Angry
huffy,Angry
hyster,Fear
hysteria,Fear
hysterical,Fear
hysterically,Fear
identif,Happy
identifi,Happy
identification,Happy
identify,Happy
ill_temp,Angry
ill_temper,Angry
ill_wil,Angry
ill_will,Angry
impress,Happy
in_awe_of,Surprise
incens,Angry
incense,Angry
incensed,Angry
indign,Angry
indignant,Angry
indignantly,Angry
indignation,Angry
infatu,Happy
infatuation,Happy
infuri,Angry
infuriate,Angry
infuriated,Angry
infuriating,Angry
infuriation,Angry
insouci,Happy
insouciance,Happy
inspir,Happy
inspire,Happy
interest,Happy
intimaci,Happy
intimacy,Happy
intimid,Fear
intimidate,Fear
intimidated,Fear
intimidation,Fear
intox,Happy
intoxicate,Happy
irasc,Angry
irascibility,Angry
irascible,Angry
ire,Angry
irrit,Angry
irritate,Angry
irritated,Angry
irritating,Angry
irritation,Angry
jealous,Angry
jealousi,Angry
jealously,Angry
jealousy,Angry
jocular,Happy
jocularity,Happy
jocund,Happy
jocundity,Happy
jolli,Happy
jolliti,Happy
jollity,Happy
jolly,Happy
jolly_along,Happy
jolly_up,Happy
jovial,Happy
joviality,Happy
joy,Happy
joyful,Happy
joyfully,Happy
joyfulness,Happy
joyless,Sad
joylessly,Sad
joylessness,Sad
joyous,Happy
joyously,Happy
joyousness,Happy
jubil,Happy
jubilance,Happy
jubilancy,Happy
jubilant,Happy
jubilantly,Happy
jubilate,Happy
jubilation,Happy
jump_for_joy,Happy
keen,Happy
keenness,Happy
kick,Happy
kid,Happy
kind,Happy
kindheart,Happy
kindhearted,Happy
kindheartedness,Happy
kindly,Happy
lachrymos,Sad
lachrymose,Sad
laden,Sad
lament,Sad
lamentably,Sad
laudabl,Happy
laudably,Happy
lift_up,Happy
lighthearted,Happy
lightheartedness,Happy
lightsom,Happy
lightsomeness,Happy
likabl,Happy
likable,Happy
like,Happy
likeabl,Happy
likeable,Happy
liking,Happy
live_up_to,Happy
livid,Angry
lividity,Angry
lividly,Angry
loath,Angry
loath,Angry
loathe,Angry
loathing,Angry
loathly,Angry
loathsom,Angry
loathsome,Angry
loneli,Sad
loneliness,Sad
long-fac,Sad
long-faced,Sad
look_for,Happy
look_to,Happy
look_up_to,Happy
lorn,Sad
love,Happy
lovesom,Happy
lovesome,Happy
loving,Happy
lovingly,Happy
lovingness,Happy
low,Sad
low-spirit,Sad
low-spirited,Sad
low-spiritedness,Sad
loyalti,Happy
loyalty,Happy
mad,Angry
madden,Angry
maddened,Angry
maddening,Angry
madness,Angry
malef,Angry
malefic,Angry
maleficence,Angry
malevol,Angry
malevolence,Angry
malevolent,Angry
malevolently,Angry
malic,Angry
malice,Angry
malici,Angry
malicious,Angry
maliciously,Angry
maliciousness,Angry
malign,Angry
malignity,Angry
marvel,Surprise
marvellously,Surprise
marvelous,Surprise
marvelously,Surprise
melanchol,Sad
melancholi,Sad
melancholic,Sad
melancholy,Sad
merciless,Fear
mercilessness,Fear
merri,Happy
merrili,Happy
merrily,Happy
merriment,Happy
merry,Happy
mirth,Happy
mirthful,Happy
mirthfully,Happy
mirthfulness,Happy
misanthrop,Angry
misanthropi,Angry
misanthropic,Angry
misanthropical,Angry
misanthropy,Angry
miser,Sad
miserable,Sad
miserably,Sad
miseri,Sad
misery,Sad
misfortun,Sad
misfortunate,Sad
misocainea,Angry
misogami,Angry
misogamy,Angry
misogyn,Angry
misogyni,Angry
misogynic,Angry
misogynism,Angry
misogyny,Angry
misolog,Angry
misology,Angry
mison,Angry
misoneism,Angry
misopedia,Angry
monstrous,Fear
monstrously,Fear
mourn,Sad
mournful,Sad
mournfully,Sad
mournfulness,Sad
mourning,Sad
move,Happy
murder,Angry
murderously,Angry
murderousness,Angry
mystifi,Surprise
mystify,Surprise
nark,Angry
nausea,Angry
nauseat,Angry
nauseate,Angry
nauseated,Angry
nauseating,Angry
nauseous,Angry
near,Happy
nettl,Angry
nettle,Angry
nettled,Angry
nettlesom,Angry
nettlesome,Angry
nigh,Happy
noisom,Angry
noisome,Angry
nonplus,Surprise
obscen,Angry
obscene,Angry
occupi,Happy
occupy,Happy
odious,Angry
odiously,Angry
odium,Angry
offend,Angry
offens,Angry
offens,Angry
offense,Angry
offensive,Angry
offering_protect,Happy
offering_protection,Happy
oppress,Angry
oppress,Sad
oppressed,Sad
oppression,Sad
oppressive,Sad
oppressively,Sad
oppressiveness,Sad
outrag,Angry
outrag,Fear
outrage,Angry
outraged,Angry
outrageous,Fear
overjeal,Angry
overjealous,Angry
pall,Fear
panic,Fear
panic_attack,Fear
panic-stricken,Fear
panic-struck,Fear
panick,Fear
panicked,Fear
panicki,Fear
panicky,Fear
partial,Happy
partiality,Happy
pathet,Sad
pathetic,Sad
peev,Angry
peeved,Angry
penanc,Sad
penance,Sad
penchant,Happy
penit,Sad
penitence,Sad
penitent,Sad
penitenti,Sad
penitentially,Sad
penitently,Sad
pep_up,Happy
perki,Happy
perkiness,Happy
perplex,Surprise
persecut,Angry
persecut,Sad
persecute,Angry
persecute,Sad
persecuted,Sad
peski,Angry
pesky,Angry
pester,Angry
pestered,Angry
pestering,Angry
pestifer,Angry
pestiferous,Angry
pick_up,Happy
piqu,Angry
pique,Angry
piss,Angry
pissed,Angry
piteous,Sad
piti,Sad
pitiabl,Sad
pitiable,Sad
pitiful,Sad
pitiless,Fear
pitilessness,Fear
pitying,Sad
plaguey,Angry
plaguy,Angry
plaintiv,Sad
plaintive,Sad
plaintively,Sad
plaintiveness,Sad
pleas,Happy
pleased,Happy
pleasing,Happy
poor,Sad
pout,Angry
praiseworthili,Happy
praiseworthily,Happy
predilect,Happy
predilection,Happy
preen,Happy
prefer,Happy
preference,Happy
prehensil,Angry
prehensile,Angry
premonit,Fear
premonition,Fear
presag,Fear
presage,Fear
presenti,Fear
presentiment,Fear
pride,Happy
prideful,Happy
protect,Happy
protective,Happy
protectively,Happy
protectiveness,Happy
proud,Happy
proudly,Happy
provok,Angry
provoked,Angry
puppy_lov,Happy
puppy_love,Happy
puzzl,Surprise
puzzle,Surprise
queasi,Angry
queasy,Angry
quick_temp,Angry
quick_temper,Angry
rag,Angry
rage,Angry
rancor,Angry
rancour,Angry
rapport,Happy
rattl,Surprise
rattling,Surprise
recreat,Happy
recreate,Happy
regard,Happy
regret,Sad
regretful,Sad
rejoic,Happy
rejoice,Happy
rejoicing,Happy
relish,Happy
remors,Sad
remorse,Sad
remorseful,Sad
remorsefully,Sad
repel,Angry
repellant,Angry
repellent,Angry
repent,Sad
repentance,Sad
repentant,Sad
repentantly,Sad
repugn,Angry
repugnance,Angry
repugnant,Angry
repuls,Angry
repulse,Angry
repulsion,Angry
repulsive,Angry
repulsively,Angry
resent,Angry
resentful,Angry
resentfully,Angry
resentment,Angry
respect,Happy
revel,Happy
reveng,Angry
revengefully,Angry
revolt,Angry
revolting,Angry
revoltingly,Angry
revuls,Angry
revulsion,Angry
rile,Angry
riled,Angry
riotous,Happy
riotously,Happy
roil,Angry
roiled,Angry
romant,Happy
romantic,Happy
rue,Sad
rueful,Sad
ruefulli,Sad
ruefully,Sad
ruefulness,Sad
rush,Happy
ruth,Sad
ruthfulness,Sad
ruthless,Fear
ruthlessness,Fear
sad,Sad
sadden,Sad
saddening,Sad
sadly,Sad
sadness,Sad
satiabl,Happy
satiable,Happy
satisfact,Happy
satisfaction,Happy
satisfactori,Happy
satisfactorili,Happy
satisfactorily,Happy
satisfactory,Happy
satisfi,Happy
satisfiable,Happy
satisfied,Happy
satisfy,Happy
satisfying,Happy
satisfyingly,Happy
scare,Fear
scare_away,Fear
scare_off,Fear
scared,Fear
scarey,Fear
scari,Fear
scarili,Fear
scarily,Fear
scary,Fear
scene,Angry
schadenfreud,Happy
schadenfreude,Happy
score,Angry
scorn,Angry
scream,Happy
screaming,Happy
see_r,Angry
see_red,Angry
self-complac,Happy
self-complacency,Happy
self-distrust,Fear
self-doubt,Fear
self-piti,Sad
self-pity,Sad
self-reproach,Sad
self-satisfact,Happy
self-satisfaction,Happy
self-satisfi,Happy
self-satisfied,Happy
shadow,Fear
shame,Sad
shamed,Sad
shamefac,Sad
shamefaced,Sad
shi,Fear
shiveri,Fear
shivery,Fear
short_temp,Angry
short_temper,Angry
shudderi,Fear
shuddery,Fear
shy,Fear
shyli,Fear
shyly,Fear
shyness,Fear
sick,Angry
sick_of,Angry
sicken,Angry
sickening,Angry
sickeningly,Angry
sickish,Angry
smug,Happy
smugness,Happy
soft_spot,Happy
soft-boil,Happy
soft-boiled,Happy
softheart,Happy
softhearted,Happy
softheartedness,Happy
solac,Happy
solace,Happy
somber,Sad
somberness,Sad
sooth,Happy
soothe,Happy
sore,Angry
sorri,Sad
sorrow,Sad
sorrowful,Sad
sorrowfully,Sad
sorrowfulness,Sad
sorrowing,Sad
sorry,Sad
sorry_for,Sad
spite,Angry
spiteful,Angry
spitefulness,Angry
spleen,Angry
stage_fright,Fear
stagger,Surprise
staggering,Surprise
stew,Angry
stimul,Happy
stimulating,Happy
strike,Happy
stun,Surprise
stung,Angry
stunned,Surprise
stupefact,Surprise
stupefaction,Surprise
stupefi,Surprise
stupefied,Surprise
stupefy,Surprise
stupefying,Surprise
stupid,Surprise
stupifi,Surprise
stupify,Surprise
suffer,Sad
suffering,Sad
sulk,Angry
sulki,Angry
sulkiness,Angry
sulky,Angry
sunni,Happy
sunny,Happy
superbl,Surprise
superbly,Surprise
surpris,Surprise
surprise,Surprise
surprised,Surprise
surprisedly,Surprise
surprising,Surprise
surprisingly,Surprise
suspens,Fear
suspens,Happy
suspense,Fear
suspense,Happy
suspenseful,Fear
suspenseful,Happy
suspensive,Fear
suspensive,Happy
sympathet,Happy
sympathetic,Happy
sympathetically,Happy
sympathi,Happy
sympathy,Happy
tantal,Angry
tantalize,Angry
tantrum,Angry
tast,Happy
taste,Happy
tear,Sad
tearful,Sad
tearfulness,Sad
teas,Angry
teas,Happy
teased,Happy
teasing,Angry
temper,Angry
tender,Happy
tenderness,Happy
terribl,Fear
terrible,Fear
terrif,Surprise
terrifi,Fear
terrific,Surprise
terrifically,Surprise
terrified,Fear
terror,Fear
the_green-eyed_monst,Angry
the_green-eyed_monster,Angry
thirstili,Happy
thirstily,Happy
thrill,Happy
thunderstruck,Surprise
tickl,Happy
tickle,Happy
timid,Fear
timidity,Fear
timidly,Fear
timidness,Fear
timor,Fear
timorous,Fear
timorously,Fear
timorousness,Fear
tired_of,Angry
titil,Happy
titillate,Happy
titillated,Happy
titillating,Happy
titillation,Happy
togeth,Happy
togetherness,Happy
top,Surprise
toppingly,Surprise
torment,Angry
tranc,Happy
trance,Happy
tremend,Surprise
tremendous,Surprise
trepid,Fear
trepidation,Fear
trepidly,Fear
triumph,Happy
triumphal,Happy
triumphant,Happy
triumphantly,Happy
trounc,Surprise
trounce,Surprise
turn_off,Angry
tyrann,Sad
tyrannical,Sad
tyrannous,Sad
ugli,Fear
ugly,Fear
umbrag,Angry
umbrage,Angry
umbrageous,Angry
unassert,Fear
unassertive,Fear
unassertively,Fear
unassertiveness,Fear
uncheer,Sad
uncheerful,Sad
uncheerfulness,Sad
uneasili,Fear
uneasily,Fear
unhappi,Sad
unhappiness,Sad
unhappy,Sad
unkind,Fear
unsur,Fear
unsure,Fear
unworri,Happy
unworried,Happy
uplift,Happy
uproari,Happy
uproarious,Happy
uproariously,Happy
urg,Happy
urge,Happy
urge_on,Happy
veng,Angry
vengefully,Angry
vengefulness,Angry
venom,Angry
vex,Angry
vexat,Angry
vexati,Angry
vexation,Angry
vexatious,Angry
vexed,Angry
vexing,Angry
vile,Angry
vindict,Angry
vindictive,Angry
vindictively,Angry
vindictiveness,Angry
walk_on_air,Happy
wallow,Happy
warm,Happy
warmheart,Happy
warmhearted,Happy
warmheartedness,Happy
warmth,Happy
warpath,Angry
weak,Happy
weakness,Happy
weep,Sad
weepi,Sad
weepiness,Sad
weeping,Sad
weight,Sad
Weltschmerz,Sad
wick,Angry
wicked,Angry
with_empathi,Happy
with_empathy,Happy
with_happi,Happy
with_happiness,Happy
with_hostil,Angry
with_hostility,Angry
with_prid,Happy
with_pride,Happy
with_sympathi,Happy
with_sympathy,Happy
woe,Sad
woebegon,Sad
woebegone,Sad
woeful,Sad
woefulli,Sad
woefully,Sad
woefulness,Sad
wonder,Surprise
wonderful,Surprise
wonderfully,Surprise
wonderment,Surprise
wondrous,Surprise
wondrously,Surprise
world-weari,Sad
world-weariness,Sad
world-weary,Sad
worri,Happy
worry,Happy
worship,Happy
worshipful,Happy
wrath,Angry
wrathful,Angry
wrathfully,Angry
wretch,Sad
wretched,Sad
wroth,Angry
wrothful,Angry
yucki,Angry
yucky,Angry
zeal,Happy
zealous,Happy
zest,Happy
zestfulness,Happy
worked up,Angry
 'acquitted',Happy
 'adorable',Happy
 'adored',Happy
 'affected',Surprise
 'afflicted',Sad
 'aghast',Fear
 'agog',Surprise
 'agonized',Sad
 'alarmed',Fear
 'amused',Happy
 'angry',Angry
 'anguished',Sad
 'animated',Happy
 'annoyed',Angry
 'anxious',Surprise
 'apathetic',Sad
 'appalled',Angry
 'appeased',Happy
 'appreciated',Happy
 'apprehensive',Fear
 'approved of',Happy
 'ardent',Fear
 'aroused',Fear
 'attached',Happy
 'attracted',Surprise
 'autonomous',Happy
 'awed',Fear
 'awkward',Sad
 'beaten down',Sad
 'beatific',Happy
 'belonging',Happy
 'bereaved',Sad
 'betrayed',Angry
 'bewildered',Surprise
 'bitter',Angry
 'blissful',Happy
 'blithe',Happy
 'blocked',Sad
 'blue',Sad
 'boiling',Angry
 'bold',Fear
 'bored',Sad
 'brave',Fear
 'bright',Happy
 'brisk',Happy
 'calm',Happy
 'capable',Fear
 'captivated',Happy
 'careless',Sad
 'categorized',Happy
 'cautious',Fear
 'certain',Fear
 'chagrined',Sad
 'challenged',Surprise
 'chastised',Sad
 'cheated',Angry
 'cheerful',Happy
 'cheerless',Sad
 'cheery',Happy
 'cherished',Happy
 'chicken',Fear
 'cocky',Happy
 'codependent',Happy
 'coerced',Angry
 'comfortable',Happy
 'common',Fear
 'competent',Fear
 'complacent',Sad
 'composed',Fear
 'concerned',Surprise
 'confident',Fear
 'confused',Surprise
 'connected',Happy
 'conned',Angry
 'consumed',Fear
 'contented',Happy
 'controlled',Sad
 'convivial',Happy
 'cornered',Happy
 'courageous',Fear
 'cowardly',Fear
 'craving',Surprise
 'crestfallen',Sad
 'criticized',Sad
 'cross',Angry
 'cross-examined',Happy
 'crushed',Sad
 'curious',Surprise
 'cut off',Sad
 'daring',Fear
 'dark',Sad
 'dedicated',Surprise
 'defeated',Sad
 'defenseless',Fear
 'degraded',Sad
 'dejected',Sad
 'depressed',Sad
 'deserted',Sad
 'desirable',Happy
 'despondent',Sad
 'detached',Sad
 'determined',Happy
 'diminished',Sad
 'disappointed',Sad
 'discarded',Sad
 'disconsolate',Sad
 'discontented',Sad
 'discounted',Sad
 'discouraged',Sad
 'disgraced',Sad
 'disgusted',Angry
 'disheartened',Sad
 'disillusioned',Sad
 'disjointed',Fear
 'dismal',Sad
 'dismayed',Fear
 'disoriented',Fear
 'disparaged',Angry
 'displeased',Sad
 'disrespected',Sad
 'distressed',Sad
 'distrustful',Surprise
 'dolorous',Sad
 'doubtful',Fear
 'down',Sad
 'downhearted',Sad
 'dreadful',Sad
 'dreary',Sad
 'dubious',Surprise
 'dull',Sad
 'duped',Angry
 'eager',Surprise
 'earnest',Surprise
 'ecstatic',Happy
 'elated',Happy
 'embarrassed',Sad
 'empathetic',Happy
 'enchanted',Surprise
 'encouraged',Fear
 'engrossed',Surprise
 'enraged',Angry
 'enterprising',Fear
 'enthusiastic',Happy
 'entrusted',Happy
 'esteemed',Happy
 'excited',Happy
 'excluded',Sad
 'exempt',Happy
 'exhausted hopeless',Sad
 'exhilarated',Happy
 'exploited',Angry
 'exposed',Fear
 'fabulous',Happy
 'fainthearted',Fear
 'fantastic',Happy
 'fascinated',Surprise
 'favored',Happy
 'fearful',Fear
 'fervent',Surprise
 'fervid',Surprise
 'festive',Happy
 'flat',Sad
 'focused',Happy
 'forced',Sad
 'forsaken',Sad
 'framed',Angry
 'free',Happy
 'free & easy',Happy
 'frightened',Fear
 'frisky',Happy
 'frustrated',Angry
 'full of anticipation',Surprise
 'full of ennui',Sad
 'fuming',Angry
 'funereal',Sad
 'furious',Angry
 'gallant',Fear
 'genial',Happy
 'glad',Happy
 'gleeful',Happy
 'gloomy',Sad
 'glum',Sad
 'grief-stricken',Sad
 'grieved',Sad
 'guilt',Sad
 'guilty',Happy
 'happy',Happy
 'hardy',Fear
 'heartbroken',Sad
 'heavyhearted',Sad
 'hesitant',Fear
 'high-spirited',Happy
 'hilarious',Happy
 'hopeful',Surprise
 'horny',Fear
 'horrified',Fear
 'hot and bothered',Fear
 'humiliated',Sad
 'humorous',Happy
 'hurt',Sad
 'hysterical',Fear
 'ignored',Sad
 'ill at ease',Sad
 'immobilized',Sad
 'immune',Happy
 'important',Happy
 'impotent',Sad
 'imprisoned',Happy
 'in a huff',Angry
 'in a stew',Angry
 'in control',Fear
 'in fear',Fear
 'in pain',Sad
 'in the dumps',Sad
 'in the zone',Happy
 'incensed',Angry
 'included',Happy
 'indecisive',Surprise
 'independent',Happy
 'indignant',Angry
 'infatuated',Fear
 'inflamed',Angry
 'injured',Sad
 'inquisitive',Surprise
 'insecure',Happy
 'insignificant',Sad
 'intent',Surprise
 'interested',Surprise
 'interrogated',Happy
 'intrigued',Surprise
 'irate',Angry
 'irresolute',Fear
 'irresponsible',Sad
 'irritated',Angry
 'isolated',Sad
 'jaunty',Happy
 'jocular',Happy
 'jolly',Happy
 'jovial',Happy
 'joyful',Happy
 'joyless',Sad
 'joyous',Happy
 'jubilant',Happy
 'justified',Happy
 'keen',Surprise
 'labeled',Happy
 'lackadaisical',Sad
 'lazy',Sad
 'left out',Sad
 'let down',Sad
 'lethargic',Sad
 'lied to',Angry
 'lighthearted',Happy
 'liked',Happy
 'lively',Happy
 'livid',Angry
 'lonely',Sad
 'lonesome',Sad
 'lost',Sad
 'loved',Happy
 'low',Sad
 'lucky',Happy
 'lugubrious',Sad
 'macho',Happy
 'mad',Angry
 'melancholy',Sad
 'menaced',Fear
 'merry',Happy
 'mirthful',Happy
 'misgiving',Fear
 'misunderstood',Sad
 'moody',Sad
 'moping',Sad
 'motivated',Surprise
 'mournful',Sad
 'needed',Surprise
 'needy',Happy
 'nervous',Fear
 'obligated',Sad
 'obsessed',Fear
 'offended',Angry
 'oppressed',Sad
 'optionless',Happy
 'ordinary',Fear
 'organized',Fear
 'out of control',Sad
 'out of sorts',Sad
 'outmaneuvered',Happy
 'outraged',Angry
 'overjoyed',Happy
 'overlooked',Sad
 'overwhelmed',Sad
 'panicked',Fear
 'passionate',Fear
 'passive',Sad
 'pathetic',Sad
 'peaceful',Happy
 'pensive',Surprise
 'perplexed',Surprise
 'phobic',Fear
 'playful',Happy
 'pleased',Happy
 'powerless',Sad
 'pressured',Sad
 'privileged',Happy
 'proud',Happy
 'provoked',Angry
 'punished',Sad
 'put upon',Sad
 'quaking',Fear
 'quiescent',Sad
 'rageful',Angry
 'rapturous',Happy
 'rated',Happy
 'reassured',Fear
 'reckless',Sad
 'redeemed',Happy
 'regretful',Sad
 'rejected',Sad
 'released',Happy
 'remorse',Sad
 'replaced',Sad
 'repulsed',Sad
 'resentful',Angry
 'resolute',Fear
 'respected',Happy
 'responsible',Fear
 'restful',Fear
 'revered',Happy
 'rueful',Sad
 'sad',Sad
 'satisfied',Happy
 'saucy',Happy
 'scared',Fear
 'secure',Fear
 'self-reliant',Fear
 'serene',Happy
 'shaky',Fear
 'shamed',Sad
 'shocked',Surprise
 'significant',Happy
 'singled out',Happy
 'skeptical',Surprise
 'snoopy',Surprise
 'somber',Sad
 'sparkling',Happy
 'spirited',Happy
 'spiritless',Sad
 'sprightly',Happy
 'startled',Surprise
 'stereotyped',Happy
 'stifled',Sad
 'stout hearted',Fear
 'strong',Happy
 'suffering',Sad
 'sulky',Sad
 'sullen',Angry
 'sunny',Happy
 'surprised',Surprise
 'suspicious',Surprise
 'sympathetic',Happy
 'tense',Surprise
 'terrified',Fear
 'terrorized',Fear
 'thankful',Happy
 'threatened',Fear
 'thwarted',Sad
 'timid',Fear
 'timorous',Fear
 'torn',Fear
 'tortured',Sad
 'tragic',Sad
 'tranquil',Happy
 'transported',Happy
 'trapped',Happy
 'tremulous',Fear
 'tricked',Happy
 'turned on',Fear
 'unapproved of',Sad
 'unbelieving',Surprise
 'uncertain',Surprise
 'unconcerned',Sad
 'understood',Happy
 'unfocussed',Sad
 'unlovable',Sad
 'unloved',Sad
 'unmotivated',Sad
 'unshackled',Happy
 'unsupported',Sad
 'up in arms',Angry
 'upset',Fear
 'validated',Happy
 'valued',Happy
 'victimized',Sad
 'violated',Angry
 'virulent',Angry
 'vivacious',Happy
 'vulnerable',Sad
 'wavering',Surprise
 'weak',Sad
 'welcomed',Happy
 'woebegone',Sad
 'woeful',Sad
 'worn down',Sad
 'worn out',Sad
 'worried',Fear
 'worshiped',Happy
 'wrathful',Angry
 'wronged',Happy
 'wrought up',Angry
 'yearning',Fear
 'yellow',Fear
 'zealous',Surprise
 'abandoned',Sad
 'absolved',Happy
 'absorbed',Surprise
 'abused',Sad
 'accepted',Happy
 'aching',Sad
 'acrimonious',Angry
 'addicted',Happy
 'adequate',Fear
 'admired',Happy
 'affectionate',Happy
 'affronted',Happy
 'afraid',Fear
 'airy',Happy
 'alone',Sad
 'ambivalent',Sad
 'apathetic',Sad
 'apprehensive',Surprise
 'arrogant',Happy
 'ashamed',Sad
 'astonished',Surprise
 'at ease',Happy
 'attacked',Fear
 'audacious',Fear
 'autonomous',Happy
 'average',Fear
 'avid',Surprise
 'baffled',Sad
 'bashful',Sad
 'belittled',Sad
 'buoyant',Happy
 'burdened',Sad
 'clouded',Sad
 'committed',Happy
 'compassionate',Happy
 'compelled',Fear
 'dauntless',Fear
 'debonair',Happy
 'deceived',Happy
 'delighted',Happy
 'demoralized',Sad
 'derailed',Fear
 'desirous',Surprise
 'despairing',Sad
 'devastated',Angry
 'diffident',Fear
 'discredited',Sad
 'disheartened',Sad
 'disinclined',Sad
 'disorganized',Sad
 'downcast',Sad
 'entitled',Happy
 'excited',Fear
 'exultant',Happy
 'fidgety',Fear
 'frowning',Sad
 'full of misgiving',Surprise
 'great',Happy
 'hapless',Sad
 'hated',Sad
 'heroic',Fear
 'hostile',Angry
 'in despair',Sad
 'indifferent',Sad
 'infuriated',Angry
 'insecure',Fear
 'inspired',Happy
 'inspiring',Surprise
 'judged',Happy
 'justified',Happy
 'laughting',Happy
 'loved',Happy
 'loving',Happy
 'low',Sad
 'lustful',Fear
 'manipulated',Angry
 'mumpish',Sad
 'nosey',Surprise
 'numb',Sad
 'obliterated',Sad
 'peaceful',Happy
 'petrified',Fear
 'piqued',Angry
 'piteous',Sad
 'powerless',Sad
 'questioning',Surprise
 'rejected',Sad
 'self-satisfied',Happy
 'set up',Happy
 'shut out',Sad
 'sorrowful',Sad
 'spirited',Sad
 'supported',Happy
 'suspicious',Fear
 'terrific',Happy
 'trapped',Happy
 'trembling',Fear
 'uncomfortable',Surprise
 'underestimated',Sad
 'unhappy',Sad
 'vindicated',Happy
 'worked up',Angry
